Workbook
Name Slicer_Performance: #N/A

Sheet Raw Data
A1: Students | B1: Maths | C1: Python | D1: Statistics | E1: Attendance | F1: Result | G1: Performance | H1: Total Marks | I1: Average Marks
A2: Riya | B2: 95 | C2: 93 | D2: 96 | E2: 98 | F2: =IF(AVERAGE(B2:D2)>=40,"PASS","FAIL") -> PASS | G2: =IF(AVERAGE(B2:D2)>=90,"Excellent",IF(AVERAGE(B2:D2)>=75,"Good",IF(AVERAGE(B2:D2)>=60,"Average","Needs Improvement"))) -> Excellent | H2: =SUM(B2:D2) -> 284 | I2: =AVERAGE(B2:D2) -> 94.666667
A3: Priya | B3: 92 | C3: 88 | D3: 95 | E3: 96 | F3: =IF(AVERAGE(B3:D3)>=40,"PASS","FAIL") -> PASS | G3: =IF(AVERAGE(B3:D3)>=90,"Excellent",IF(AVERAGE(B3:D3)>=75,"Good",IF(AVERAGE(B3:D3)>=60,"Average","Needs Improvement"))) -> Excellent | H3: =SUM(B3:D3) -> 275 | I3: =AVERAGE(B3:D3) -> 91.666667
A4: Sneha | B4: 85 | C4: 91 | D4: 87 | E4: 92 | F4: =IF(AVERAGE(B4:D4)>=40,"PASS","FAIL") -> PASS | G4: =IF(AVERAGE(B4:D4)>=90,"Excellent",IF(AVERAGE(B4:D4)>=75,"Good",IF(AVERAGE(B4:D4)>=60,"Average","Needs Improvement"))) -> Good | H4: =SUM(B4:D4) -> 263 | I4: =AVERAGE(B4:D4) -> 87.666667
A5: Neha | B5: 88 | C5: 84 | D5: 90 | E5: 94 | F5: =IF(AVERAGE(B5:D5)>=40,"PASS","FAIL") -> PASS | G5: =IF(AVERAGE(B5:D5)>=90,"Excellent",IF(AVERAGE(B5:D5)>=75,"Good",IF(AVERAGE(B5:D5)>=60,"Average","Needs Improvement"))) -> Good | H5: =SUM(B5:D5) -> 262 | I5: =AVERAGE(B5:D5) -> 87.333333
A6: Ananya | B6: 82 | C6: 89 | D6: 85 | E6: 91 | F6: =IF(AVERAGE(B6:D6)>=40,"PASS","FAIL") -> PASS | G6: =IF(AVERAGE(B6:D6)>=90,"Excellent",IF(AVERAGE(B6:D6)>=75,"Good",IF(AVERAGE(B6:D6)>=60,"Average","Needs Improvement"))) -> Good | H6: =SUM(B6:D6) -> 256 | I6: =AVERAGE(B6:D6) -> 85.333333
A7: Rahul | B7: 78 | C7: 85 | D7: 72 | E7: 90 | F7: =IF(AVERAGE(B7:D7)>=40,"PASS","FAIL") -> PASS | G7: =IF(AVERAGE(B7:D7)>=90,"Excellent",IF(AVERAGE(B7:D7)>=75,"Good",IF(AVERAGE(B7:D7)>=60,"Average","Needs Improvement"))) -> Good | H7: =SUM(B7:D7) -> 235 | I7: =AVERAGE(B7:D7) -> 78.333333
A8: Karan | B8: 72 | C8: 76 | D8: 70 | E8: 85 | F8: =IF(AVERAGE(B8:D8)>=40,"PASS","FAIL") -> PASS | G8: =IF(AVERAGE(B8:D8)>=90,"Excellent",IF(AVERAGE(B8:D8)>=75,"Good",IF(AVERAGE(B8:D8)>=60,"Average","Needs Improvement"))) -> Average | H8: =SUM(B8:D8) -> 218 | I8: =AVERAGE(B8:D8) -> 72.666667
A9: Yash | B9: 69 | C9: 74 | D9: 71 | E9: 81 | F9: =IF(AVERAGE(B9:D9)>=40,"PASS","FAIL") -> PASS | G9: =IF(AVERAGE(B9:D9)>=90,"Excellent",IF(AVERAGE(B9:D9)>=75,"Good",IF(AVERAGE(B9:D9)>=60,"Average","Needs Improvement"))) -> Average | H9: =SUM(B9:D9) -> 214 | I9: =AVERAGE(B9:D9) -> 71.333333
A10: Amit | B10: 65 | C10: 70 | D10: 68 | E10: 80 | F10: =IF(AVERAGE(B10:D10)>=40,"PASS","FAIL") -> PASS | G10: =IF(AVERAGE(B10:D10)>=90,"Excellent",IF(AVERAGE(B10:D10)>=75,"Good",IF(AVERAGE(B10:D10)>=60,"Average","Needs Improvement"))) -> Average | H10: =SUM(B10:D10) -> 203 | I10: =AVERAGE(B10:D10) -> 67.666667
A11: Arjun | B11: 55 | C11: 62 | D11: 60 | E11: 72 | F11: =IF(AVERAGE(B11:D11)>=40,"PASS","FAIL") -> PASS | G11: =IF(AVERAGE(B11:D11)>=90,"Excellent",IF(AVERAGE(B11:D11)>=75,"Good",IF(AVERAGE(B11:D11)>=60,"Average","Needs Improvement"))) -> Needs Improvement | H11: =SUM(B11:D11) -> 177 | I11: =AVERAGE(B11:D11) -> 59
I12: =MAX(H2:H11) -> 284
A13: Total Marks | B13: =SUM(B2:B11) -> 781 | C13: =SUM(C2:C11) -> 812 | D13: =SUM(D2:D11) -> 794 | E13: =SUM(E2:E11) -> 879
A14: Average Marks | B14: =AVERAGE(B2:B11) -> 78.1 | C14: =AVERAGE(C2:C11) -> 81.2 | D14: =AVERAGE(D2:D11) -> 79.4 | E14: =AVERAGE(E2:E11) -> 87.9
A15: Highest Marks | B15: =MAX(B2:B11) -> 95 | C15: =MAX(C2:C11) -> 93 | D15: =MAX(D2:D11) -> 96 | E15: =MAX(E2:E11) -> 98
A16: Lowest Marks | B16: =MIN(B2:B11) -> 55 | C16: =MIN(C2:C11) -> 62 | D16: =MIN(D2:D11) -> 60 | E16: =MIN(E2:E11) -> 72
A17: No. of Students | B17: =COUNT(B2:B11) -> 10 | C17: =COUNT(C2:C11) -> 10 | D17: =COUNT(D2:D11) -> 10 | E17: =COUNT(E2:E11) -> 10

Sheet Analysis
D1: STUDENT PERFORMANCE ANALYTICS DASHBOARD
D2: Total Students | E2: Average Marks | F2: Highest Average | G2: Highest Marks | H2: Attendance
D3: =COUNTA('Raw Data'!A2:A11) -> 10 | E3: =AVERAGE('Raw Data'!I2:I11) -> 79.566667 | F3: =MAX('Raw Data'!I2:I11) -> 94.666667 | G3: =MAX('Raw Data'!H2:H11) -> 284 | H3: =AVERAGE('Raw Data'!E2:E11) -> 87.9
A7: Row Labels | B7: Count of Students
A8: Average | B8: 3
A9: Excellent | B9: 2
A10: Good | B10: 4
A11: Needs Improvement | B11: 1
A12: Grand Total | B12: 10
A20: Subject | B20: Average
A21: Maths | B21: 78.1
A22: Python | B22: 81.2
A23: Statistics | B23: 79.4

Sheet Dashboard
A3: Row Labels | B3: Average of Average Marks
A4: Amit | B4: 67.666667
A5: Ananya | B5: 85.333333
A6: Arjun | B6: 59
A7: Karan | B7: 72.666667
A8: Neha | B8: 87.333333
A9: Priya | B9: 91.666667
A10: Rahul | B10: 78.333333
A11: Riya | B11: 94.666667
A12: Sneha | B12: 87.666667
A13: Yash | B13: 71.333333
A14: Grand Total | B14: 79.566667
